Point,Longitude,Latitude,weekday_daytime_no2,weekday_nighttime_no2,population_1000m,population_3000m,population_5000m,roadlength_1000m,roadlength_3000m,roadlength_5000m
1,3.749458,51.295278,15.48644693,16.80704579,440.064819,3312.588867,8206.84375,0,28314.40625,60863.47656
2,3.916947,51.635556,14.69732734,16.89827277,492.45871,3886.029297,5170.12207,5352.03125,62689.73828,75216.85156
3,4.121389,51.978056,28.57706396,30.60009828,3102.089111,23252.75,61342.87891,12614.07422,38824.15234,77248.41406
4,4.227778,51.931944,31.3352681,33.09070775,6142.983398,36911.64063,79492.71094,13942.57422,82291.88281,164851.2344
5,4.289172,52.078056,23.67773975,26.01623541,19552.47266,152638.75,322745,60375.49609,440915.1875,903282.8125
6,4.316125,52.075,36.30109783,30.69810797,19461.8418,145096.1094,330798.125,49984.41406,425772.5,953284.375
7,4.326953,51.911389,36.00998068,35.13363725,10618.64453,52978.02734,146503.875,42565.74609,134134.9219,284990.8125
8,4.35527754,51.86610794,28.07641535,27.83461538,7604.581543,59320.91406,159878.6563,24568.26172,110291.2422,295246.8438
9,4.360286,51.435,18.47430598,18.87911647,910.610413,7357.052734,14482.10645,2620.393066,52288.96875,102944.9375
10,4.360564,52.039722,27.31049669,28.00805128,12157.30664,77009.45313,245327.6563,31933.10547,240385.9375,790462.25
11,4.401389,51.921111,32.05178106,32.9812278,13083.15039,80490.61719,183563.875,30942.33789,207265.1719,520733.0625
12,4.431111,51.938056,40.4343543,37.46052885,7521.097168,62176.00781,159610.3125,38128.36719,223737.5625,592294.6875
13,4.45084143,51.78749847,19.15116047,20.55105343,575.486633,7244.086914,27711.6582,4059.094238,41981.64453,128425.9609
14,4.461667,51.926944,48.92342018,40.2101834,8921.310547,70503.14844,171525.9375,53498.32031,401415.5625,773510.125
15,4.480289,51.915,32.85631433,32.21124635,7720.691406,68352.92188,177076.9063,46294.10547,444277.3125,851745.375
16,4.48111105,51.89111328,45.85299501,35.81269841,7972.156738,61809.87109,174585.9375,54302.36328,349289.25,812196.25
17,4.48749971,51.89389038,29.48129697,28.62693798,8095.754883,61986.89063,176376.2344,58315.21094,362755.8438,847025
18,4.510286,52.298056,14.54389012,15.42456055,306.152588,6725.953125,26633.67188,3071.63501,25278.18359,90419.49219
19,4.513889,51.652778,18.9024395,20.42965309,187.82988,3414.76416,11105.45703,3170.013672,39872.83594,98409.04688
20,4.57472229,51.86888885,42.92516593,36.00519231,3876.730225,49713.44922,129036.3906,7942.541016,191692.7344,490730.8438
21,4.601922,52.463014,28.82524627,25.6964775,4523.410156,34488.92188,68777.94531,23857.15039,72585.76563,170712.3125
22,4.603333,52.493889,18.50605114,21.20437777,4416.48291,27493.57031,70934.96875,7974.416016,26547.53125,210931.4063
23,4.642319,52.370511,30.95089079,23.94097349,13181.33984,95940.58594,144293.0938,41686.59375,256567.6563,408397.2188
24,4.708214,51.800658,24.42758087,23.59581721,7610.720703,45243.23438,115355.4219,27401.31641,157951.7344,398253.75
25,4.715072,52.32745,24.99640669,24.27619048,654.682983,10048.44141,60214.27344,3575.788818,49779.03906,273289.2188
26,4.73,52.4,20.21195986,20.57028599,1115.037109,24013.60938,86964.09375,4060.334229,47455.17188,112114.5859
27,4.766678,52.287428,24.41595265,21.65590123,3064.996582,29904.46289,79199.8125,4636.456543,65978.79688,194658.9219
28,4.77,52.43,26.90067797,28.51482387,3717.570312,42029.79688,129866.3281,4194.717285,27777.5,135047.2656
29,4.773589,52.333561,31.34852778,30.65418695,2810.755859,40607.82422,104496.6563,19753.34961,125138.3125,230133.7188
30,4.780847,51.603333,24.34578057,24.54079084,9030.53125,57069.23047,113566.5547,30001.11914,198478.0156,425546.3125
31,4.79361963,52.37888718,22.21430556,21.89012107,8741.041016,79642.39063,230573.0781,12497.40918,118670.0156,372453.5313
32,4.8166666,52.45000076,22.66009096,23.58860385,8855.042969,52427.82031,116501.0625,14919.87891,129376.9375,204203.5313
33,4.82500839,51.59360886,37.61537543,31.78618375,6295.133301,37219.46094,87840.46875,16074.00879,162988.8906,368019.0938
34,4.832064,52.420219,31.82875872,31.61133268,8406.660156,82270.69531,211656,4715.407227,90942.8125,271054.7813
35,4.838336,52.138889,16.62744419,16.93057798,94.827957,2559.412109,12058.49023,0,17556.16016,62177.08203
36,4.84501123,52.38111115,50.11016329,38.72749631,15104.23633,120860.6719,319351.75,35080.03906,196461.8125,492837.5
37,4.86084175,52.3758316,48.76465662,38.52965484,15662.71973,128122.0781,334421,37086.28906,243473.1719,556685.6875
38,4.866208,52.359714,27.57393617,23.41799902,15160.48633,136641.8125,322045.0313,37094.53125,287593.6563,585427.25
39,4.87611961,52.38500214,53.83641907,39.71854722,15251.37012,122797.5547,322734.75,27938.25781,190509.7969,548912.875
40,4.88805819,52.3900032,39.78323619,31.11890838,10622.50488,116264.7344,300264.125,14782.77148,185408.9688,521946.1875
41,4.9000001,52.35805511,38.6723973,30.03059113,15616.74707,132261.375,304467.4375,35045.13672,266435.8438,561293.625
42,4.90500307,52.3730545,31.33448753,27.3552822,13926.31738,123835.2188,316245.875,17079.60938,244122.6563,566902.5625
43,4.923431,51.974639,17.95289773,18.8808631,560.473755,4443.047852,11515.63867,5393.960449,40377.51953,86698.07813
44,4.94389725,52.38888931,25.45340402,23.23817204,8984.714844,73552.73438,183780.7188,17515.60156,150003.7813,354703.3125
45,4.988614,52.203056,35.54257318,30.51600295,715.780273,9292.162109,25439.0293,1351.43042,47107.35547,114887.1406
46,4.98889446,52.32138824,24.49178959,21.35098912,7463.692383,57789.74219,133839.6875,14562.81934,122431.3203,297044.8125
47,5.050842,52.804722,12.15504735,13.27922007,92.601936,1271.798462,5419.04834,22.731842,6026.286133,37387.58984
48,5.121114,52.068889,34.24735093,27.83954266,12526.78613,82014.40625,187574.3594,41025.97656,230673.8438,536490.3125
49,5.125286,52.106111,31.83464753,25.93551552,13195.73145,88959.3125,190862.5781,40746.98438,284489,545634.5625
50,5.128333,52.102222,23.32828998,22.30409773,13772.16504,93014.85156,193264.6719,39348.19531,287760.1875,548740.6875
51,5.148903,51.519444,20.03412667,24.83740795,309.994659,4622.925781,25497.32031,2176.503662,26836.61133,138424.9063
52,5.181553,52.235083,26.80089227,20.67269212,12118.66309,49642.58594,99868.23438,18693.46875,97505.52344,306741.9375
53,5.235903,52.257361,20.518943,17.68647236,4215.5625,18174.21484,77416.28125,35157.5625,126032.8672,290933
54,5.393333,51.4075,19.47790381,21.51385069,6050.736328,32769.99219,72424.35938,25066.83203,136688.0625,316023.9688
55,5.4289,51.44528,33.60234227,26.698037,4133.082031,54386.52734,148660.1719,22955.16016,226627.4688,542384.75
56,5.472783,51.469722,27.09825103,23.39041968,9200.098633,64402.42969,138848.5938,26017.33008,218060.2344,505229.25
57,5.57349157,52.91691589,10.33011546,10.06403647,17.729673,3528.32373,5292.86084,0,15973.47168,31954.9707
58,5.593378,52.423211,14.29095609,14.07979381,148.189514,1362.798584,3690.084961,0,7558.783203,29412.35938
59,5.708619,52.1125,16.78485927,15.54726034,1502.014648,5184.955566,14989.83691,6698.370117,18340.90039,47160.95703
60,5.853614,51.541111,18.44746751,21.47637659,446.384308,2732.167725,5470.791504,379.341309,7551.720703,26643.13672
61,5.858061,51.838889,25.07799833,22.09036027,11547.98047,66054.96094,118073.9688,48067.48438,246128.0938,466586.125
62,5.858061,51.848889,37.30187622,27.37624376,8945.796875,61046.72656,113519.5938,31650.70703,223846.8125,431280.2813
63,5.882236,50.903056,15.49705056,13.92500249,1149.362793,11195.65625,46355.03125,9176.598633,67371.97656,222133.0938
64,5.971114,50.888056,31.03423599,23.41409972,6743.858887,39561.69531,93685.69531,32884.69531,161746.4531,374976.7188
65,5.986853,50.900317,17.66915024,17.07211095,4367.78418,42259.21094,107673.4922,24078.57031,191633.3281,426063
66,6.018069,52.655,12.21982563,11.38708044,219.061432,1596.721313,12072.58984,1644.728149,11655.48535,60177.0625
67,6.043064,51.120278,17.82439079,17.90905841,1447.746216,6046.570312,20200.33203,6827.640625,27973.77344,149045.6719
68,6.093826,50.754729,14.58491087,11.54135956,8607.976562,51724.64844,126701.0859,26431.80078,148571.8281,296001.2188
69,6.09576,50.773126,59.54395335,31.91796315,12398.35156,83785.125,142992.625,33018.25781,192473.875,342247.9375
70,6.195834,51.326934,22.09064759,20.27776348,3669.813477,15838.08984,40807.98438,19055.51172,71044.07813,269403.2813
71,6.277508,53.331667,8.936915144,8.655393375,127.34211,1461.054932,3644.336914,691.228394,9194.05957,40147.80078
72,6.281008,50.653234,5.968564029,5.902129128,66.998436,1702.401245,5151.855957,0,16405.08008,69782.90625
73,6.378081,50.266547,5.585480258,5.429767216,33.352402,255.628967,1620.957764,2640.316406,12623.49414,63096.63672
74,6.403614,52.389167,12.88380528,12.7399944,41.985432,2301.903809,12010.77148,1992.181274,24047.14844,91275.60938
75,6.439945,51.169434,35.85154443,27.11278989,8891.762695,61596.21484,136383.375,34362.96875,219839.3438,485149.9063
76,6.451483,51.033834,19.43460006,20.12887248,786.653503,3515.59668,9821.671875,8357.265625,21127.02344,69477.90625
77,6.45889,51.16996,25.05511641,21.94038289,7625.741699,55185.73828,129918.2656,25673.20898,212986.4219,470380.9688
78,6.469463,51.097638,19.43965719,19.3390005,2058.849121,9310.050781,30802.33594,11988.8418,64955.49609,153455.2188
79,6.552037,49.416884,9.134040738,9.687644231,257.482025,1699.682617,4684.350586,5802.518555,30888.16016,82267.65625
80,6.5789,53.218056,30.30935962,18.90310859,12394.3125,87556.4375,137042.6563,52959.64063,301877.5,502001.4688
81,6.582205,50.927107,17.00194339,17.11421345,2658.072998,11691.38867,26313.28516,18240.5293,81826.64063,172966.2969
82,6.605839,52.0925,13.69795819,14.47569988,138.50145,5020.452637,16388.25781,2005.906372,45625.8125,119487.6406
83,6.608897,53.246944,12.20265931,10.95487899,3479.852295,32094.23633,83472.0625,11089.35547,119040.875,308573.5625
84,6.629658,51.67286,22.80411714,23.8682002,5686.26416,28155.09766,38773.8125,24850.91797,136263.8125,179394.9375
85,6.646718,49.754231,36.9158523,23.24236058,8361.007812,43421.25391,73137.96875,32617.36719,152650.4219,256942.9844
86,6.670194,51.342572,30.90634815,31.87014392,5462.032227,31019.56836,93650.84375,4940.188965,85686.32031,283430.375
87,6.690258,49.784023,20.46470816,16.56760096,5102.601074,23577.96094,51475.70313,11602.66016,68503.40625,195050.1563
88,6.704074,51.219577,33.32871457,28.08091549,8576.583984,67586.17188,158025.3125,4048.89502,152472.6406,397934.9063
89,6.727486,51.460721,31.91090782,25.16877069,5615.379395,58656.46484,157826.0469,16253.99512,157528.7813,426332.625
90,6.732353,51.249214,26.1513002,25.95535503,7206.466797,65881.34375,186419.6875,16829.7832,182628.1875,436851.2813
91,6.73354,49.357861,18.26382418,16.20045673,4491.068359,24398.21484,54279.66406,19510.71875,103779.5391,305181.8125
92,6.735431,51.485492,33.18638167,34.51386567,8738.539062,59598.68359,150052.0781,20641.75,138202.0469,422900.5938
93,6.748363,51.52403,27.6204611,28.28167576,6973.118164,56188.30469,134959.8281,33899.93359,186516.6563,437369.4375
94,6.753639,49.322646,21.64523862,19.76621124,3686.951416,25569.8125,58222.79688,22152.10938,156571.8281,325726.75
95,6.771867,51.437686,41.10175276,35.42883226,9028.834961,62578.47656,154258.9688,33504.82422,195607.1875,463556.1563
96,6.782538,51.213166,66.66220231,43.12074912,14188.28809,104451.9688,244503.0313,44778.11719,244184.7969,568644.875
97,6.819887,51.303394,27.75810897,27.24596622,5873.289062,33633.76953,101922.5156,22437.13281,120957.6094,317442.8125
98,6.863629,51.474935,58.03722238,39.9440495,9465.592773,76321,194235.0938,32650.06836,226975.6094,551930.4375
99,6.86505,51.453459,26.95970597,27.36745547,9395.457031,77003.50781,185055.9219,22598.53906,224658.5938,553164.25
100,6.867744,49.254344,21.44336598,16.16673529,4655.54834,25764.06641,65968.60938,29938.22266,119951.7813,339494.5313
101,6.873818,50.876179,21.43173535,20.7062952,3553.601807,30831.42188,90320.08594,25087.05273,137964,280234.7188
102,6.874469,51.862042,19.8884642,19.91354966,3033.947754,16277.04395,26475.31641,10056.63379,88095.35938,177637.1563
103,6.884571,51.019338,24.32058116,25.29079154,6179.833984,43045.66016,108202.4219,24739.99219,142315.7031,292475.6875
104,6.933333,52.876667,10.60584843,11.89278376,559.421448,2085.095703,7655.095703,5264.65625,17129.4043,71818.70313
105,6.948776,49.244247,25.98464835,17.75773558,8254.898438,38914.29297,90598.03125,27928.1875,139882.7031,358670.8438
106,6.957649,50.947268,48.76908346,37.65374747,11150.7041,98426.26563,269518.6875,35797.76172,275401.5938,683803.8125
107,6.965589,51.406846,35.91111621,26.96667494,3064.232422,30504.94141,112925.9219,14059.52344,135946.4219,464951.125
108,6.97688,51.525955,26.86754274,25.50973214,5865.203613,60780.4375,178627.875,24786.62695,159188.9531,481572.5313
109,6.980991,51.49654,28.84973372,28.69791296,11907.67871,89099.10938,225495.6563,12063.08496,174233.9063,565490.125
110,6.985074,50.889871,31.56280941,26.76296352,6285.671387,60585.22656,179608.5781,20066.65234,162831.1875,394863.375
111,6.987601,49.233464,28.9518544,27.18210096,9208.669922,55193.88672,99985.35938,29916.59375,183742.9531,362229.7813
112,6.990946,51.568051,37.81363344,37.49162814,7413.35791,50235.4375,135460.2813,28153.08008,162671.5938,430294.625
113,7.003174,49.23074,43.24620319,30.04560811,8594.02832,50510.88672,97719.54688,32848.42969,171497.1094,367629.5625
114,7.004605,50.962838,74.38604155,51.59404644,10910.0293,87326.03125,222685.8438,27664.19922,179224.4688,553853.1875
115,7.004976,51.028931,28.10926304,27.17283702,8788.561523,60655.06641,151150.6406,31365.50391,142015.1719,385529.9688
116,7.005276,51.477899,48.83136192,36.47002994,10277.02441,96750.02344,250764.7188,23810.17578,223884.875,658619.8125
117,7.010934,51.031473,56.96804448,34.80839286,9094.813477,60484.73047,145810.75,28368.59375,159006.2656,400222.9063
118,7.030534,51.451176,43.06293434,31.86090455,11259.16309,89787.90625,224182.1875,47546.50781,291080.0625,723157.4375
119,7.036322,49.237227,16.63106161,16.08278902,4414.874023,36267.20703,83938.35938,19721.24219,147349.125,356808.2188
120,7.052573,51.183782,24.30909698,20.9815266,7822.632324,59276.74219,136701.6719,30526.07227,215376.9219,484246.2188
121,7.061679,49.299373,31.02266553,23.08463557,3829.208496,24882.70117,61370.46094,22886.97656,159457.2188,380149
122,7.082648,50.753629,26.59966638,27.89138362,9931.679688,66560.42188,151241.5469,26407.16406,205859.0781,479604.9375
123,7.08406,51.17615,51.91951867,29.22757272,10049.4502,58591.81641,108440.7813,34769.20313,206513.5313,414400.625
124,7.084555,51.527901,52.90057782,40.48215628,8758.442383,68249.64063,171957.3125,12396.125,179063.2188,495199.4063
125,7.101868,51.53364,27.70859634,26.60164532,7541.731934,66947.65625,164482.125,18967.72656,175591.4219,469671.25
126,7.147378,51.260684,59.68075909,37.70449927,12220.10547,71745.73438,146494.4219,46790.14844,246735.3906,485652.9063
127,7.1864,51.560875,25.25163631,25.85007064,7206.106934,61194.97656,160138.1875,16559.58789,163163.6563,495271.0313
128,7.193411,49.740897,5.380267484,5.718100048,0,856.80957,4393.37207,0,15422.73047,75609.91406
129,7.20726,53.36235,16.39126539,16.99531811,4709.15332,22933.78906,33535.44141,33617.27344,139797.8594,201138.1563
130,7.208546,51.403007,23.46007141,16.46059892,5308.862793,30193.78125,73243.9375,32011.68945,141123.25,365571.875
131,7.231854,51.277613,26.67545087,22.28889717,12242.03125,64805.14063,123515.0391,33903.77344,206010.0313,419662.4063
132,7.293543,49.423116,7.38790932,7.681110039,226.900009,3633.838867,11362.58789,2767.753418,42753.22656,136206.125
133,7.31747,52.49855,14.66727374,17.11570822,1672.694092,13653.375,25812.17578,18975.62109,112219.4688,232448.375
134,7.331409,51.641377,21.38138399,20.15098205,4453.895508,19955.76563,46964.35156,23426.14453,89367.76563,196571.7656
135,7.457409,51.536893,28.8741073,28.51345545,8130.074219,73314.65625,167515.625,15175.94336,167820.5625,439900.1875
136,7.460718,50.431439,28.84755537,25.03844231,5789.415527,34824.37109,69084.19531,28082.5918,149546.0313,341721.7188
137,7.46355,51.362818,59.67993769,37.83823469,8999.617188,51643.9375,108525.4844,32499.41016,183710.75,344902.6563
138,7.464249,51.5196,43.14015256,34.03987148,9858.146484,80589.03906,191579.6406,35208.57031,215294.4219,525332.125
139,7.481378,50.424685,24.07241417,23.30460577,4101.232422,32636.98438,67992.60156,16303.41309,133385.7031,335661.7813
140,7.483562,51.523543,59.11034104,39.62862275,9373.052734,80693.60938,189391.6875,25536.88281,217627.5469,525904.875
141,7.567969,47.819019,19.65518395,19.94480161,2800.533691,10326.20703,22561.03711,28257.2168,75676.21094,167588.5156
142,7.569761,51.592208,23.55737909,26.09847685,2453.772461,24658.4082,83451.82031,10335.39648,117328.3516,349639.5
143,7.582247,51.448797,24.70704037,23.78343424,4949.402344,25269.97266,60527.71875,22017.12109,123450.9453,328277.5313
144,7.592242,50.359373,48.783366,32.46410992,8883.285156,51543.09766,91673.76563,34187.80469,198103.4844,365128.7188
145,7.596633,50.354403,39.5645528,29.64975481,7121.268066,46916.28125,88794.73438,30907.27539,191302.2969,355182.7188
146,7.611583,51.936535,19.96912529,19.15223214,9288.334961,58241.39844,134634.6563,30761.49219,159455.2188,443501.9375
147,7.614573,49.191996,18.4116,14.07484615,5894.044922,26526.38281,41623.00781,34630.96094,148706.0156,230093.5469
148,7.619377,51.953278,47.96047646,27.54757937,9152.232422,74111.90625,141738,36212.01953,226470.8438,459068.8438
149,7.633271,47.588152,19.32384272,16.9487707,4593.974609,59550.29688,168642.7344,22840.40234,181010.3594,499449.9375
150,7.693785,51.547479,22.05514064,21.92455897,4334.291504,30850.76172,56790.67188,18660.71484,128584.2578,258995.5469
151,7.729909,50.424289,8.987987737,7.763453133,4.581027,681.107483,16710.80859,0,5267.679688,152495.7656
152,7.764528,47.809892,4.125692695,3.058101969,0,20.782921,1616.718506,657.613892,17133.58789,48649.42969
153,7.7673,49.446,22.86294035,18.95389479,7186.183594,37277.14063,57797.875,47428.63281,197741.8438,282953.9688
154,7.802317,48.578178,25.33379021,25.56061214,7293.02832,63206.65625,161400.5469,12828.74219,165448.9375,431270.0625
155,7.826407,49.270263,5.243673006,5.10650519,0,60.831352,1032.604004,0,6603.521973,24362.37695
156,7.832122,48.001511,20.03221722,18.74506048,13219.78906,98678.32031,156411.1875,25634.51172,216030.7813,336887.1875
157,7.85992,47.9882,63.554404,31.29658806,8283.125977,58754.19922,133256.7813,22564.45898,157149.9219,321269.3438
158,7.866222,49.841221,26.67244154,19.77394027,7547.065918,28796.51172,48575.86719,34879.46875,124103.8047,253074.75
159,7.908035,47.913256,2.615807886,1.716038522,22.077715,693.375061,3193.461914,1024.085205,33240.6875,69786.10156
160,7.94257,52.99796,12.92166017,15.80494149,1026.270752,3560.619629,5751.269531,16904.68359,55048.29297,89509.57813
161,7.973542,50.766815,8.433328636,7.256040039,123.163193,9878.220703,19375.80664,464.440186,92116.27344,191621.5469
162,8.04147,52.2703,53.69417722,34.00431905,7360.567383,50543.85938,95835.77344,34178.45313,224154.9375,451367.8125
163,8.05286,52.25534,18.95793228,20.06,5231.209961,38574.99609,87680.75781,26684.49023,176109.7031,424635.0625
164,8.059909,50.386426,55.75205633,31.38679683,5309.608887,24880.80078,44607.77734,27289.41406,127753.0781,287892.9063
165,8.060998,50.383217,23.68178483,22.54119208,5689.727539,23792.42969,44366.85156,27941.88281,122370.0547,285449.2813
166,8.09059,53.59617,10.73482691,11.27083826,737.177368,8484.753906,19358.5293,5463.293945,57832.48828,118391.0703
167,8.148023,51.570675,13.34835893,13.51418462,551.638672,20844.19727,36989.23047,3256.249756,124966.0156,265524.3125
168,8.191907,50.930329,6.23587108,5.447801873,0,32.125202,2155.579102,1802.43457,14008.01074,64178.44922
169,8.212084,53.142836,59.84799605,32.44724973,8166.495605,58091.94531,104421.3125,39814.76563,242552.9219,456523.8125
170,8.216803,50.01755,23.44656608,23.38018278,9628.692383,62031.64063,165772.2656,26775.83789,154283.2813,410313
171,8.220214,48.773072,17.56505587,16.23693467,3667.582275,17958.9668,38049.20313,18957.19922,109483.8359,232331.2813
172,8.228865,50.072119,61.32744564,36.62207212,11963.98242,84503.15625,144782.2813,41266.11719,263239.3438,424736.0938
173,8.230316,50.077191,61.46643783,34.46905679,12683.52441,79325.72656,139992.6719,43011.12891,261034.6875,418109.4375
174,8.244949,50.050343,29.71052052,28.68218855,9835.047852,73118.67188,182164.0469,29297.39453,151341.0469,465083.8438
175,8.253538,49.052284,18.44284322,19.51830769,2218.354004,7813.199219,26691.85938,29867.46484,54500.44141,137119.5469
176,8.261131,50.001026,57.24753463,37.66091346,11899.46387,84698.8125,182216.5625,35404.20703,216321.2031,419105.875
177,8.2658,50.00987,40.02159424,34.19684033,8977.09082,81580.24219,178180.625,26319.75,197057.0938,407568.4688
178,8.268996,49.998837,49.90456877,35.2789319,10669.57031,83026.5,180053.9688,33259.45313,215522.5,412367.2188
179,8.273979,49.995016,37.52650975,29.75902404,10443.46289,83308.85938,175818.2969,30580.92578,219635.5,410904.375
180,8.3553,49.5333,36.18339701,29.22641346,6617.741699,34026.78125,78745.92969,35462.20313,149954.3906,290416.7813
181,8.355628,49.028594,22.08028484,25.06449348,10426.01563,66750.89844,148470.7813,29491.97266,172949.1719,358679.2813
182,8.360797,51.442993,13.69904335,12.24710317,2895.302979,10225.03613,13514.3418,21717.84375,89824.6875,129034.1641
183,8.3649,49.6287,28.59414655,27.31588663,6955.717285,31631.02734,55262.80469,37126.33594,146776.7344,259352.8594
184,8.38719,49.00796,46.60100531,32.54733936,11391.33301,77053.9375,157280.75,37522.75781,240751.5938,461297.8125
185,8.39062,48.22915,46.04559194,25.37782238,2186.610107,11469.41016,17803.06836,21405.375,92665.10156,170038.5
186,8.402331,49.514959,22.45598247,23.52938916,6257.058594,48655.40234,132017.4375,22901.35352,110663.1484,363939.9063
187,8.40666,49.07655,21.612266,21.49949875,1707.02832,16937.22656,43416.90625,11360.60352,70749.60938,152521.0625
188,8.423,49.351124,27.73926193,28.63962019,4309.21875,20123.04688,47827.49219,23465.96484,86897.125,254908.3125
189,8.425897,49.455508,32.92326166,30.0768388,7563.546875,41086.10547,113021.9531,25448.39648,146602.5938,428762.1563
190,8.44385,49.478498,52.28596952,37.63376339,7994.13916,62699.33984,153566.4844,34075.67578,227617.5313,465388.5938
191,8.446079,50.221941,8.010077093,6.024386724,0.87423,2533.453125,14171.12305,2978.066895,35475.33984,123522.625
192,8.451527,50.010325,28.2952484,30.79579457,5840.260742,30763.07031,70267.79688,31426.87109,125839.6094,250891.9219
193,8.463597,48.048656,13.60097629,14.74039563,4773.789062,23793.25195,45499.95313,22162.37891,130943.2188,257462.6719
194,8.465281,49.544078,25.68719184,29.35776081,7187.772461,43755.15234,100811.8828,23360.69531,108523.3906,216720.1719
195,8.47204,49.49256,50.63037904,38.80040161,8837.760742,69792.9375,180157.0938,41027.28125,214178.2188,540842.5625
196,8.500619,50.567185,31.21981153,25.39921294,5964.605469,27622.49609,46225.05078,24271.31055,163315.4219,303175.875
197,8.516798,49.825165,16.10844604,19.24206564,342.784729,9391.620117,33113.89453,403.784149,49243.66797,169003.375
198,8.52628,49.00371,47.21272677,26.1635725,4697.904297,17619.58203,42494.28516,22752.08594,80090.00781,173215.7969
199,8.542517,50.10175,41.8056105,35.78794132,13055.73828,63668.44922,147146.8125,31158.31641,114320.3281,336970.25
200,8.548362,52.023155,25.06787651,21.37691654,9341.079102,63321.10938,127571.8438,35610.91797,246512.8906,521544.625
201,8.55279,52.00562,40.63456302,25.23426994,6911.95752,47298.78125,126375.4844,27727.89258,200944.3594,500186.75
202,8.569405,53.562455,21.73154691,19.5991861,7126.034668,41091.17578,79294.375,18116.28711,104006.3281,237561.5781
203,8.576305,50.075464,26.91367862,20.98252042,1078.498779,44879.02734,166473.9531,6583.068848,89461.49219,267062.6563
204,8.59876,53.585262,44.49725111,28.98530347,5804.671387,37530.31641,71738.99219,24522.85156,139321.6875,228121.125
205,8.625456,53.180946,21.07919337,19.13785818,7141.869141,30961.87305,56536.71094,29544.12891,142729,275857.3125
206,8.642,49.643238,42.28453267,22.3305106,5533.736328,17272.69141,39380.20313,28079.99414,74966.42969,181513.0938
207,8.653745,49.869457,71.46838799,30.6837999,10777.4834,66854.52344,102967.8984,36296.125,196163.8906,304726.3125
208,8.664619,49.872303,24.64994764,21.38841751,9714.639648,61057.80078,101134.8906,36014.70313,177003.1406,303399.9063
209,8.665536,48.889039,26.59159218,20.07802308,8295.123047,48919.26953,88421.61719,40198.16797,207044.2656,392725.9063
210,8.668579,50.584108,50.00419177,33.73685426,7897.505371,42798.51172,68528.375,40788.72266,191019.7813,335625.25
211,8.6767,49.419528,27.92103208,21.28540622,11270.10645,68489.29688,124240.4844,23072.85156,147123.4688,322213.25
212,8.684397,50.532965,17.35611356,18.14568062,1823.688477,13162.93164,44584.21875,14548.80664,85062.79688,258433.4688
213,8.691911,50.124589,55.07895362,38.68673077,13883.28125,106051.1406,260116.7969,47815.89844,269660.0313,573401.3125
214,8.69506,53.1177,14.47169665,15.64034151,2902.218018,31328.00195,72686.00781,2635.824219,18131.29492,120915.6875
215,8.700103,49.300731,18.41469524,17.6214178,4456.328613,22917.30859,56659.16016,25219.96289,122432.2422,301607.4063
216,8.735047,53.124561,22.2265071,22.04834787,8099.931641,45015.73828,93999.59375,11008.55371,73325.98438,156828.375
217,8.746343,50.125332,36.94605977,32.16080598,13662.23047,89173.625,210801.1875,10908.08301,166031.8125,456361.3125
218,8.769324,50.804258,22.21582415,22.74425604,7762.611816,34424.91406,51273.92188,31810.02344,162881.875,286204.1875
219,8.770508,50.807167,43.84107551,26.66364746,7509.402832,34625.81641,52321.0625,32363.44727,160228.5781,288209.375
220,8.784892,50.101494,43.57845492,34.03904394,12103.5791,75812.33594,160433.5938,24991.34961,184585.7344,351252.6875
221,8.80122,53.83017,11.29903136,11.545077,37.432949,1862.459473,5166.484375,2515.529297,20705.9375,51280.69531
222,8.81578,53.077151,24.03042921,22.60164483,8700.46875,64493,147218.2969,39718.13281,260311.9063,472961.5938
223,8.817251,49.653465,8.670090959,8.090423484,2.127847,6064.786621,14115.89844,902.612183,52599.78125,129602.7969
224,8.825173,53.078663,48.44308312,29.92214876,8624.753906,59645.25,149022.0313,43448.15625,253936.2969,482126.4688
225,8.904442,48.645608,14.97613986,14.66865597,5459.619141,15299.32227,27381.14453,24165.25977,82248.90625,174023.25
226,8.916966,53.060045,24.92844722,24.34155181,6926.541992,57911.39063,109193.3203,13345.65234,156269.2656,322498.25
227,8.92157,50.13577,27.85177686,26.55667788,7733.027344,43460.52734,80469.65625,30146.96094,141151.7188,295691.5313
228,8.928171,51.430897,8.98790573,9.70864786,32.510735,1136.600708,2509.65918,1825.359741,26859.8418,76107.85938
229,9.001981,49.672507,17.0057368,16.00469932,6587.485352,18480.48242,20928.35547,28611.93164,101418.5,148665.5781
230,9.01652,48.80102,52.59094708,33.83997991,8516.989258,32604.67773,65589.03125,33485.41406,144412.9219,286530.125
231,9.031754,51.154843,6.946122222,6.399321048,0,950.423584,2624.384033,0,27778.54688,82050.17188
232,9.051178,48.507703,22.16908685,20.59804217,8210.798828,38826.29688,66148.71875,22827.95703,134027.7969,260038.8906
233,9.05802,48.52023,60.62955747,35.66027122,10304.13672,49517.96875,64505.05469,35617.71484,183691.2813,265590.8438
234,9.06255,52.17017,14.3430846,15.267638,1029.724854,8731.71875,18679.625,4939.290039,61149.71875,176510.5
235,9.117973,49.991518,29.30997247,34.58852333,3103.449707,30027.42188,70615.49219,14514.85352,121175.8594,316206.5
236,9.156908,53.896117,25.4165441,23.81086265,1365.179932,7563.964844,9425.037109,13506.86133,66865.78125,94875.78906
237,9.169289,47.664361,22.79796714,20.07759315,11301.49316,58900.10156,80112.75781,26877.05859,179156.4688,278217.8125
238,9.171544,49.869422,18.6922522,16.02106782,2791.253174,11171.9043,24700.96484,20351.99805,95222.69531,184448.5469
239,9.172792,48.899233,24.86529248,28.28498741,10211.82422,61048.29688,129650.3125,34252.66797,193297.7969,477272.5
240,9.18072,48.78313,63.32151439,45.69453086,15227.31055,103056.8594,229029,29583.74609,280575.6875,585914.8125
241,9.18449,48.76871,82.24883008,52.11510286,12534.92578,88519.94531,213430.1719,37233.52344,266451.8125,574929.125
242,9.19003,48.8892,62.0875,40.45323633,10970.05176,64788.60938,126162.9922,37419.11719,223976.5938,439312.2188
243,9.19101,48.7881,85.13840985,60.08997986,14281.87402,109267.0234,247277.25,30757.80078,272256,625592.6875
244,9.20732,48.488887,27.18105322,23.48941295,10986.99902,59807.8125,97852.07813,42815.22266,223637.7031,421163.2813
245,9.207639,48.345778,6.63525,6.855555556,441.283905,1617.951416,5632.141602,4376.025391,27625.85742,76974.28906
246,9.21079,48.48933,74.11323857,43.27792273,10867.80762,60314.08984,95757.27344,43085.28516,228028.25,413778.75
247,9.224786,49.165508,26.99411765,28.38009096,6149.914062,46297.46484,100922.1641,15034.07813,166296.4375,414085.6563
248,9.22589,49.146,71.00362016,35.88575013,8951.617188,53082.1875,95654.8125,38318.55859,187189.9219,382320.0313
249,9.227769,48.678069,27.79426894,29.71369794,6685.592285,34419.28125,85923.97656,24983.08594,103852.5547,296670.0938
250,9.229745,48.8088,30.99779514,30.98174524,13862.97168,99412.60938,235054.0625,39131.39844,219447.1563,572005.875
251,9.271233,51.360755,9.657933999,7.761774115,5.0327,3002.471436,7029.510742,0,38119.64063,118898.9688
252,9.363674,54.616669,8.879652677,10.16391679,802.901001,2328.985352,4012.811279,9926.37207,27359.81445,70958.875
253,9.399441,50.16443,7.832517213,7.713365385,89.218399,476.414612,1822.532104,4694.428711,18234.99805,47856.79688
254,9.43809,54.78143,39.04762693,22.64675012,7395.445801,39588.25781,68608.46875,30102.24805,171436.5625,324545.0938
255,9.459402,50.770381,8.750637066,8.684747475,1.278863,707.768616,3203.287842,0,15491.29981,78317.11719
256,9.483397,51.314248,22.10938957,22.37365877,10648.02832,69758.84375,155076.5781,42869.98438,232739.5156,584938.8125
257,9.485675,47.660056,25.42922132,21.44894684,8919.766602,30451.16016,44524.5625,33325.85156,116909.7344,208028.2344
258,9.49112,51.312076,48.18923717,29.26333333,8460.613281,68916.40625,157575.8438,36681.10156,209174.1719,592257.5625
259,9.511769,53.928028,43.45388611,25.92289116,5196.421875,20245.86523,28857.3457,24911.65234,113266.2578,181576.2656
260,9.55462,51.70884,9.028293229,8.266477516,1.702309,549.207764,904.251221,0,8386.919922,22061.82813
261,9.62295,52.82943,12.91715206,13.11357066,515.075317,2227.638672,10155.11523,10144.74609,36299.96484,112872.9063
262,9.657919,49.634841,14.5058873,13.95178841,2347.528564,7450.725586,11581.71289,15649.97656,77169.41406,134369.5
263,9.680167,50.546384,21.65587797,22.188648,7621.101562,42109,63446.86719,23097.03516,207500.0469,388958.625
264,9.684854,50.550028,48.16728884,29.92223558,8011.608887,43650.61719,63414.66406,26340.23828,215433.3281,388084.7188
265,9.68503,53.52418,13.33375727,14.21602653,1463.313843,5254.823242,10652.5918,10288.77539,47424.92188,85149.90625
266,9.688869,47.557473,29.92611525,18.70392308,4748.713867,18238.98828,31696.11328,25863.07031,97649.94531,187654.4844
267,9.70612,52.36292,19.16333333,20.18035013,9130.702148,73820.85938,167588.9375,25277.51758,242890.3125,599009.3125
268,9.7155,52.359478,54.0736172,36.6745281,9133.419922,70959.4375,167558.4531,26735.57422,247188.6875,615026.6875
269,9.733231,49.107878,20.13544734,19.48613811,4308.438965,18777.26563,30236.19922,33319.04297,144858.0156,251604.75
270,9.774588,51.291757,6.847317687,6.454202335,0,9.600951,4512.321289,0,2491.161133,61081.98047
271,9.786234,53.568124,26.28556314,23.13337143,1753.469971,24248.15039,66788.96094,16373.40918,120890.9688,252802.6719
272,9.80026,50.970024,17.79240894,14.72965385,3595.4375,9477.581055,14919.13672,33492.85547,86448.32031,150357.8594
273,9.800325,48.089886,16.95677564,17.86069277,5111.735352,22234.01367,33243.50391,23080.48633,122679.375,234886
274,9.832702,53.532075,16.4439414,18.32633782,1938.21814,23586.75586,71582.19531,4486.478516,62159.35547,231306.4063
275,9.84408,53.535958,19.10226681,19.38519,5894.815918,27189.29102,95601.24219,10530.19434,83756.96875,273852
276,9.857223,53.480927,13.60300664,13.93602021,3817.010986,25217.76172,61744.56641,19317.4707,92607.54688,177119.6719
277,9.92833,51.5302,45.79028381,30.81466133,8978.402344,55160.14063,88762.1875,28177.21094,190290.1563,331295.9063
278,9.935862,50.497711,5.776546961,5.343221154,260.642609,869.700195,3714.262207,777.379883,25620.45117,88530.67969
279,9.943012,53.555668,56.29864595,34.13707692,11926.54688,92038.44531,236032.5,42768.41406,230325.2656,499532.0625
280,9.94458,53.564399,52.01148076,37.52282212,11877.31641,97143.75,236587.9063,30395.94141,260094.5313,541302.0625
281,9.944815,53.545269,30.85791309,30.90871992,7915.828125,86494.71875,233495.0625,29819.55273,177939.875,464145.5625
282,9.947654,49.790526,47.44463056,31.27197436,9352.365234,52970.79688,97395.54688,34987.94531,190956.7188,367130.4063
283,9.94976,51.55107,17.17883005,15.15826525,5842.581543,42130.45703,84008.99219,20647.69922,147527.875,316427.1563
284,9.95642,49.804695,26.7143204,23.53385063,6662.240234,48793.92969,91087.99219,23156.06641,178581.0625,347093.8438
285,9.957236,53.560632,58.79764755,40.12879211,11936.92578,96834.94531,247097.5938,37629.89844,261880.2031,545737.5625
286,9.967882,53.56414,26.89557616,26.40176209,11650.36523,95600.77344,251989.7344,32369.94141,270900.375,566272.0625
287,9.979031,48.396836,29.44676299,27.5814257,10698.75098,54669.94531,107054.7031,31585.7168,198280.7031,383907.375
288,9.981599,53.529158,37.63183832,33.737,9864.749023,83565.59375,232255.1719,5983.45752,117941.5,367705.125
289,9.990569,53.50793,26.48881798,26.84426577,9616.549805,76904.75,195166.1563,19623.70898,94117.64063,227530.1094
290,9.997256,53.681993,48.55433536,30.65613308,7273.066406,44592.22656,88146.85156,23880.51367,171093.4375,317453.3125
291,9.998009,53.638291,23.4041807,20.55621331,6029.381836,59195.09375,150213.4375,8789.732422,152820.1719,423772.8438
292,10.008293,48.397079,30.71195652,30.43848558,8092.588379,54171.85938,96030.00781,31902.11328,203502.4219,373058.6875
293,10.021227,53.523262,36.08154806,32.50637438,9418.500977,76622.39844,215368.0938,14582.22754,99596.04688,313205.7188
294,10.053859,53.592301,74.56284325,42.89877413,10419.62012,88688.96875,222756.9531,34317.21094,265563.7188,646760.625
295,10.081685,53.52902,26.52355143,27.55148649,11167.11035,77030.92188,185797.5156,5462.023438,97921.5625,335725.4688
296,10.096292,48.847917,20.84728443,22.12134945,6023.230957,30918.75391,45639.45703,26897.01367,176265.6875,278326.3438
297,10.1056,54.34761,14.52629989,12.37821092,5701.375488,55544.10938,110894.0703,18192.58203,189140.375,351467.2188
298,10.110595,53.63074,18.05361726,16.33444444,7083.783203,59985.44531,161008.3438,27464.2207,220573.6563,549974.9375
299,10.116563,54.309674,17.61946533,15.97461145,9490.582031,61255.16406,134753.2344,30495.28906,184198.8125,428739.5313
300,10.122364,54.304242,70.08306993,43.71244326,8503.613281,58804.19922,130336.2188,23044.73047,176717.2813,414701.4375
301,10.135158,54.304676,52.68856985,28.84816109,9510.4375,62627.54688,130499.0625,27024.55078,188735.9688,418706.4688
302,10.232076,50.048397,27.03344818,20.05001442,7108.483398,40975.82031,57472.23047,39620.46094,183477.3906,275100.0938
303,10.23854,51.50758,11.78242821,12.14987034,2388.451416,10930.96191,15289.61816,10782.52344,71752.3125,128685.6406
304,10.240596,54.09323,9.056456432,10.09377286,30.356827,2487.466797,6730.425781,0,30844.875,75415.75
305,10.306561,47.72514,22.07233673,19.60162019,9700.816406,45027.97656,63620.08594,39278.39063,162002.4531,254095.5469
306,10.317236,50.978292,14.41919878,14.81095192,6845.911133,24798.99609,30166.76367,34802.01563,113691.9531,156109.9219
307,10.325,49.44406,11.72679394,13.43348011,714.065186,2438.54248,3913.675781,16202.98926,43383.57031,63272.45313
308,10.375299,50.561754,9.249682451,9.995742718,2048.062012,5605.512695,17453.16797,11973.16211,46563.78516,156983.5469
309,10.404232,47.518013,8.243133793,5.200841751,505.814514,1921.623901,4147.077637,2159.905518,13990.53125,38269.61719
310,10.42275,51.61365,25.62380039,20.06317965,1480.593506,5326.532227,8808.852539,14091.99414,49057.34375,94469.57031
311,10.448432,51.205226,32.01518539,20.97520482,5404.589355,22144.30859,27428.3125,31737.16016,131664.4688,187540.3438
312,10.450997,51.207944,16.32838415,15.04080288,5670.100098,22534.67969,26982.63281,34030.13672,134483.2969,178225.625
313,10.45591,52.15369,17.1179949,16.49454004,760.539917,10844.83203,39366.08203,3794.214844,40610.28125,149502.4375
314,10.4565,53.24696,17.27430881,17.80660256,4648.95459,24387.2832,55992.96875,12059.14941,110745.125,308216.625
315,10.47364,52.22694,13.95162636,15.06507154,1770.977661,21984.29102,62772.86719,9805.375,91568.74219,280166.4688
316,10.48132,51.90158,11.29124861,8.746608187,4050.921631,13894.00977,32125.5332,17535.61328,66866.85938,199396.7969
317,10.54055,52.26673,42.48789385,26.44962234,7634.504883,57194.30859,121332.3203,39509.54688,220261.3125,444145.9375
318,10.572297,49.304889,37.99016561,27.39006731,5584.28125,20051.99219,26323.85156,34637.88281,134565.2969,189829.25
319,10.59772,48.95218,14.32767313,17.69742761,1954.408691,4284.114258,7218.997559,22720.23047,52723.46094,103529.25
320,10.61248,51.75816,6.014269788,5.647735546,137.055222,586.879883,3774.566406,0,6546.740234,31595.10938
321,10.618275,51.798629,3.923051695,3.616592878,113.31015,114.05545,851.89563,0,0,2934.527344
322,10.664881,53.87453,37.70160562,27.53482376,7801.808594,55221.88281,107630.1875,24848.67188,193908.5313,377367.875
323,10.668641,50.653245,14.88137797,16.29292788,2884.032471,9275.913086,17155.84961,22156.7207,54399.31641,137835.5625
324,10.67332,53.862237,30.70436639,24.22943187,7598.662598,57521.17188,109252.6641,27588.36523,196243.3125,393016.8125
325,10.693092,50.61153,34.56991439,22.44143269,5739.228516,17871.66016,28509.16016,32781.30469,126535,185829.1875
326,10.695936,53.835492,13.8068011,13.94936477,4227.26416,27026.64648,73836.3125,15427.56641,117068.2969,313831.6563
327,10.756733,52.800773,6.528772237,7.396407915,4.249076,179.194992,817.588989,0,11039.37598,40222.125
328,10.769534,50.654066,5.080335097,4.245494726,440.404358,543.169678,2427.458252,3945.453613,16914.28906,62154.19922
329,10.775796,53.698939,42.04064516,24.68586006,1856.230225,11696.78906,13409.29883,10431.38379,78115.1875,112248.1328
330,10.787135,50.619181,5.080335097,4.245494726,0,1414.801758,2829.604248,2212.278809,28002.93555,71058.49219
331,10.790143,51.839382,14.43933946,13.47796439,6079.508789,19346.94141,24284.26172,33804.63281,108868.0781,163219
332,10.791404,51.497195,18.2206844,15.53953208,5701.510742,24098.44336,30511.26563,29222.31055,121247.2344,185324.75
333,10.793683,52.427886,39.10930401,25.24220627,6161.026855,32207.02734,61495.8125,31549.77344,174316.7344,360522.8125
334,10.81638,52.44081,19.23878771,18.61145811,2688.38208,28102.59766,52487.50391,14878.91602,172216.2031,322981.5625
335,10.867188,51.333333,6.105524495,5.885892256,43.901199,482.901978,10079.95703,0,6159.711914,80255.00781
336,10.887686,49.89833,24.74015152,24.09053846,8204.317383,49736.52344,72397.78906,25774.51367,136121.9063,241711.3594
337,10.88837,48.376576,27.50867052,25.28088547,12109.98633,99507.45313,204492.1875,42079.60938,283658.7813,582645.125
338,10.895029,48.364589,30.85375723,25.8389375,12498.23926,99259.64063,206611.9531,39609.03516,271033.8438,573808.5
339,10.896221,48.370237,55.88103534,31.07052885,12419.18457,101284.5,205875.5938,44644.78516,278862.9375,572213.9375
340,10.903051,48.326013,18.23002492,20.57767677,9037.571289,45806.95703,122370.4297,23563.5,114548.8984,344850.875
341,10.963528,49.605914,17.77750758,20.45946937,2928.781982,22416.98047,70203.20313,16829.39844,120476.9453,340016.3438
342,11.019353,50.984874,41.3160927,27.15038574,8800.542969,64635.14063,113658.4219,34300.875,243303.4531,412139.875
343,11.0248,49.462229,30.26465398,31.20888942,10541.35156,85643.50781,222379.0625,18948.70313,209502.9375,573645.8125
344,11.02792,49.32273,22.3372161,23.77600869,7157.429199,28028.14453,45903.45313,29296.37305,129754.3047,230198.7969
345,11.036096,49.440478,51.80154656,37.99361969,10243.36914,93025.50781,231874.9531,31280.95313,238827.6875,644946.9375
346,11.037924,50.979455,22.49467165,18.01789904,9983.62207,67147.78125,114263.6172,42090.69531,243841.6719,413530.25
347,11.043386,51.662435,4.740913649,4.379518768,0,774.273315,2362.753418,0,12821.10156,46632.41016
348,11.056578,50.993127,13.20464009,15.78395192,4769.069336,47377.25,111304.5,15377.35547,152264.9375,384513.7813
349,11.05722,47.47706,10.76421271,9.96969216,1703.302368,10440.93945,22621.0293,4628.973145,55546.59766,117653.5938
350,11.057442,51.896982,13.07960134,14.27925157,5506.963379,23546.75,27269.55859,30523.27344,114069.4219,155458.4063
351,11.088444,49.44591,36.21315514,33.04057212,11753.62695,96623.49219,230681.1875,49149.25391,316255.2813,620860.0625
352,11.134593,50.499955,5.916264224,5.524134755,1602.181396,5737.808105,7886.338379,7792.936523,35269.75391,70857.5625
353,11.16705,52.95702,10.03065706,10.77073248,711.452515,5248.600098,8126.422852,1526.14502,57052.98828,105169.6563
354,11.172327,52.593136,6.486040897,6.993290829,2.275148,248.193207,2815.496582,0,11146.38574,57044.71875
355,11.220172,47.968753,7.882009967,6.674773166,212.52182,2536.806641,9325.808594,1931.252563,28691.95703,87194.07031
356,11.321017,50.982185,17.12441119,18.25621934,10429.87695,38120.32031,47979.01563,42000.78906,141431.0938,217105.375
357,11.32607,50.977462,27.0534609,20.3539442,8208.073242,37941.08203,48909.58203,33836.30078,146474.0625,222029.5781
358,11.362965,53.302352,6.019386062,6.698566485,209.867035,566.449951,1534.2052,5595.050781,21185.67578,57119.04297
359,11.368875,50.651182,14.70010497,14.15516595,5513.749023,17322.00781,22491.07031,22133.39453,103467.8594,140544.6563
360,11.398332,53.631805,22.88273103,15.2387715,7098.518555,31000.66602,51413.32031,32076.35352,131652.2031,234768
361,11.428766,48.769444,27.63669053,24.10283654,7810.61084,52190.27344,96868.32813,30919.14258,197362.1094,397479.7188
362,11.442591,50.103135,22.58493919,21.5734749,6206.163086,18006.32813,23229.64453,28473.43945,131402.6563,206149.0938
363,11.449471,51.759516,33.52242837,21.44494231,4398.276855,15054.7168,16124.24023,29299.59961,95066.42188,116130.1797
364,11.46445,48.18169,26.62030829,25.17256731,12510.92676,85667.3125,237701.25,28944.53516,189332.5,473411.125
365,11.536513,48.149606,96.39971002,58.91425481,20015.48047,158320.4531,411146.8125,37377.23438,301588.1875,808960.875
366,11.554669,48.154534,35.6210732,30.57602404,19995.36328,162948.5625,418710.0625,38025.95703,310753.1563,782484.1875
367,11.564924,48.137252,64.72277503,40.20925962,20335.24805,165796.5938,431906.0938,44231.45313,335687.9375,850612.9375
368,11.570088,49.943637,33.90814743,24.53834135,9338.841797,42463.11719,62149.6875,34114.54688,162026.8438,267613.2188
369,11.597062,50.933513,16.2964844,18.02287157,11152.55957,42652.46875,66171.98438,34046.09375,153406.4688,262800.8125
370,11.611464,52.127899,17.7264248,20.64387735,8307.742188,56014.94141,123992.625,30166.33203,239594.9688,526042.5625
371,11.631919,52.131742,31.74819872,24.56428296,8198.713867,58305.90625,128744.3203,32904.86719,237504.2031,523679.1875
372,11.632669,52.12076,43.74494997,27.24831569,6139.872559,58469.50781,124051.7891,24955.0332,221710.5313,528341.5625
373,11.661233,50.791616,6.009259882,5.921686567,0.346697,477.402313,2121.356201,1762.716064,19453.52148,67490.42969
374,11.73846,52.99875,8.650346933,9.576286961,2732.209473,11710.2793,14684.68848,20219.36914,80156.46094,130741.5938
375,11.738962,51.803534,19.90931755,18.71440694,3702.894775,17577.17188,24254.25,21373.93164,106244.1406,183905.1875
376,11.777818,48.853211,11.7288963,12.26009718,184.440063,1383.713867,4843.94873,5155.361328,35303.8125,92283.67188
377,11.850274,52.602056,10.43666574,12.27654634,4513.749512,19161.73438,23168.64063,35303.73438,117327.4922,144350.9219
378,11.864763,52.268354,12.11610987,15.58416988,2901.661133,10801.85352,12654.7168,25519.13281,83875.84375,109310.9375
379,11.879245,48.909518,24.0827378,18.05154808,2167.551514,11174.59375,17660.19141,23737.48828,116461.8906,213162.2813
380,11.891412,51.837306,9.107815642,10.77646946,201.250565,857.786316,2523.757568,6507.124023,23025.35938,79842.20313
381,11.897492,50.320611,17.02160606,18.83645673,4864.391602,25930.93555,37259.63281,22646.97852,145126.3125,251230.0469
382,11.948795,48.904228,21.04740144,18.65135659,608.84613,5103.620117,13384.18359,7668.663086,55391.85156,152375.2344
383,11.96096,51.197249,19.36049888,13.51176241,4366.507812,19625.14258,25314.47656,23506.47656,118914.8594,175238.75
384,11.979056,51.496185,17.15283124,18.68566619,8686.03418,61532.71875,118420.4297,33666.41016,205704.1563,417905.5
385,11.981314,51.494756,54.88911068,35.58784124,8750.183594,62941.32422,119751.5938,29591.35156,205749.625,419622.8438
386,11.983406,51.475164,31.62069152,23.79961994,10893.48731,67913.90625,140736.0156,29028.82422,203794.2344,479744.5
387,12.032141,51.321364,12.62095411,14.13573985,762.639832,6259.748047,26644.41016,18740.31836,65405.75781,198149.3438
388,12.064708,53.817775,6.805209199,7.299352267,238.234268,565.797119,2978.29834,5458.049316,18437.14258,55744.99219
389,12.0749,50.877923,17.09832133,16.83898077,7174.613281,37448.27344,63510.03125,31128.48047,174151.9531,327526.4375
390,12.080003,54.17133,12.76996418,12.10571581,6050.561035,21934.37109,51518.26172,19573.85938,74779.5,163330.1094
391,12.09792,54.17729,17.86875691,17.03755482,3645.725098,15804.19531,42886.04688,12691.31348,37704.81641,118137.3516
392,12.099553,54.09262,35.34962738,20.5464497,7697.42627,44847.05859,88067.70313,27581.63672,166308.4219,317646.6563
393,12.101557,49.015245,48.61770569,33.16565657,8270.904297,63578.28906,113091.0938,33502.17969,244686.1719,441263.25
394,12.128139,49.321955,20.94430105,20.41413462,1864.918213,12754,20237.02344,19936.72266,128292.1016,219487.9531
395,12.138054,50.486138,26.72986061,18.43641236,7525.935547,34451.23438,46059.75391,24746.10547,168508.6875,277175.8438
396,12.141994,54.092278,44.96617647,24.90400219,5596.776855,46509.60156,84703.40625,22610.45117,173005.8906,318807.4688
397,12.157051,48.539801,31.9460243,24.93672115,7565.385742,47089.46875,67828.67969,25431.76563,201315.9063,329658.6563
398,12.159361,49.67895,26.6540066,24.58782692,5705.979004,26610.36328,36698.99609,31441.65625,153715.1875,247517.375
399,12.174105,54.161555,10.49584718,11.39915507,148.514313,6984.412598,28969.79492,2989.521729,21341.65625,83600.92188
400,12.175512,53.78175,8.922930464,7.532063335,3073.144043,14965.46875,21031.05859,19893.09961,82099.32031,128525.6953
401,12.188324,47.648459,39.44003303,30.39408173,1016.000854,8098.334473,16920.95117,8146.691406,79196.6875,175895.1094
402,12.205199,50.655861,15.62524008,15.44811538,5817.40625,12318.98047,17676.11914,31246.10547,88885.76563,154442.7188
403,12.211112,50.608136,8.6937787,9.403980769,211.681,5061.238281,16954.28516,6807.301758,67131.92969,190891.1563
404,12.244764,51.840576,21.58074074,16.39364598,5998.451172,27487.57422,49473.91406,33173.66406,135680.3125,237057.9219
405,12.297411,51.317905,15.83235506,16.14550193,9169.855469,66855.42188,120872.4453,29065.41797,157704.0313,352409.5
406,12.302866,51.651166,14.62030904,15.88976424,2216.404053,13720.56445,34507.5,12674.14258,67247.57813,203246.0313
407,12.334686,51.335872,46.44288243,29.06998077,10738.09473,71945.71875,194336.6094,33209.67188,182526.7344,527432.5625
408,12.377163,51.344164,49.02042202,31.57233333,12926.80469,90937.69531,211750.4688,30514.82422,278004.8125,615564.9375
409,12.437621,50.987758,20.39649279,17.17862452,7053.145996,23595.47266,29453.07031,34812.61719,112440.3672,201222.4844
410,12.463929,53.396348,6.461263508,7.090572557,12.439863,438.073486,1234.174316,236.799149,8752.87793,39903.88672
411,12.468739,50.354783,13.73433389,10.25405039,2118.650391,6073.725586,11507.18945,15529.41602,62861.63281,148978.9375
412,12.486621,50.720405,29.67539423,23.02856112,7699.113281,41551.11719,66090.53906,25301.37109,160115.8594,316517.125
413,12.493056,51.125,22.56764983,18.11021802,4627.115723,10494.59766,15610.72461,20203.41406,63430.36719,120243.7813
414,12.538174,48.021657,18.5406775,18.30697596,2230.202637,8728.237305,14745.21484,15609.55762,63986.14844,141386.9688
415,12.542056,50.826001,22.76831252,20.1071078,6022.87793,16507.52734,21632.09766,26745.3418,110472.5547,182992.9688
416,12.548376,52.409309,31.09824842,21.3811063,5260.117676,28752.08398,44608.01563,22154.54102,101271.7734,199830.4375
417,12.548869,49.438464,6.71046832,6.897093976,57.587662,835.085693,2843.953125,2145.73584,23824.7793,79066.13281
418,12.552303,52.420442,12.79502801,14.03109252,4551.613281,29677.80078,43147.32422,17506.60547,110747.0469,182039.6563
419,12.561389,52.194225,6.584420908,7.263902791,0,72.668861,1293.213623,0,1827.499268,18168.57617
420,12.59827,51.867471,38.55503066,22.59236058,3654.587402,13281.05859,25759.16797,17706.27344,59251.69141,165721.1719
421,12.663663,51.870852,11.77488002,12.93518287,3959.291016,13676.94141,21950.30859,27521.53516,101574.6094,191358.4063
422,12.721938,54.436985,5.059212279,5.480715005,98.53302,1441.485107,2054.382812,2146.942627,20439.83594,38493.92969
423,12.781387,48.182835,14.40449047,15.88694833,567.671021,5491.207031,25863.88672,9276.329102,71471.98438,198408.7813
424,12.809481,52.93189,19.01835262,16.59923077,3614.61499,12365.12402,17161.38672,19631.84766,73585.9375,111842.6484
425,12.829314,48.177175,23.86646184,21.33325481,4024.370605,15499.84082,19583.48828,20835.47266,88124.94531,171680.0313
426,12.885194,52.608609,10.68793284,12.09728365,2859.515381,6731.269043,9209.291992,18121.05859,44489.03516,73503.51563
427,12.903367,50.84574,46.11153803,31.81668759,5604.003418,57516.63672,121172.4063,20833.00195,176878.3594,390000.5625
428,12.959368,50.85519,16.54245367,12.49458654,3517.588867,32998.04688,83779.02344,8255.660156,86586.57031,304964.2188
429,12.997278,50.570872,21.72974202,17.80280888,3964.96167,13804.78516,23285.00391,32439.71484,98170.55469,192357.0938
430,13.009406,51.303772,8.825515608,9.161538835,64.874031,414.48938,2484.495605,3598.340088,15554.23633,68400.625
431,13.031662,53.141303,4.344978966,4.542321249,12.836886,263.774994,700.277344,714.842163,11189.94238,27160.72266
432,13.037474,52.393932,43.59819857,26.50453102,6936.237793,42599.65625,79730.5625,15323.08496,114043.7422,266474.8438
433,13.059945,52.401352,15.91316515,15.7738677,11879.23242,50085.57813,86384.25,27683.27344,147027.7031,291881.0313
434,13.08101,54.31923,21.44918666,15.16098901,4775.990234,29415.74609,39948.75391,25776.11523,120637.5313,175377.7813
435,13.094618,52.388869,40.76375344,28.8407696,8933.116211,48990.0625,93852.9375,29370.98828,168391.4375,318059.0625
436,13.123698,52.484168,14.52312948,13.02960558,1655.182983,11313.58203,33769.37891,10166.27344,65544.40625,154411.5938
437,13.225144,52.473192,12.08534483,12.80800193,170.498169,4023.989258,85477.46875,138.531403,24342.53711,335948.3438
438,13.26644,53.559784,23.010423,17.05988113,7320.771973,31142.3418,44800.84375,32379.74219,124926.6641,202979.8125
439,13.296081,52.653269,12.21566195,12.23872144,733.717896,19157.55273,47749.72656,6565.782715,159353.4688,338768.1875
440,13.31825,52.463611,55.50794403,37.46031371,16666.84766,122552.6563,335309.6875,47410.89063,337358.9375,813254.4375
441,13.332972,52.5066,54.25351539,34.28900433,15318.69141,141795.1875,385717.5938,33180.23047,302988.9688,751435.5625
442,13.342138,54.323514,4.378518109,4.59709073,561.276611,1061.843262,2222.249023,8356.314453,22957.34766,53840.96094
443,13.346826,50.9163,25.84466001,21.84477152,7927.483398,29001.81055,35758.99609,32530.30859,107648.625,170697.25
444,13.348775,52.485814,25.86579166,24.24351923,17020.14648,142931.9688,371742.5,39800.14844,316808.1875,787107.5
445,13.349326,52.543041,30.4611198,28.92208418,15696.33398,128827.8203,360997.1875,26264.61719,203908.5469,592236.875
446,13.368103,52.398406,13.16218499,15.23231513,5352.165039,69645.39844,181753.9844,3634.098145,137678.0938,387852.9688
447,13.38772,52.438115,57.68274136,37.35619231,13278.77539,121986.3438,320290.5,20949.78906,195410.5156,598428.5625
448,13.418833,52.513606,30.15630182,24.90898936,17266.19922,149400.125,390798.4375,32080.91211,284228.2188,696640
449,13.420573,48.947611,4.834200362,4.05919708,0,0,552.417297,0,3741.832031,21684.70703
450,13.422039,48.573629,37.44125138,29.80588942,4328.963867,23628.52734,38276.53125,19447.80469,126234.1641,237284.9063
451,13.424304,52.349703,14.74997525,17.37210577,2221.649658,12578.22656,36236.46875,22956.16016,112151.625,220237.0938
452,13.430844,52.489451,28.22840334,25.9723461,15929.41113,128344.5625,370373.125,37721.78516,242793.4375,633115.5
453,13.433967,52.481709,62.15949059,36.54991827,15886.97363,121416.7031,360997.1875,44117.58594,222867.9375,605692.0625
454,13.441654,52.467534,58.33312604,39.84141482,15811.60352,117425.2188,337167.125,33363.84375,204101.6406,570562.1875
455,13.465078,50.659097,7.843163636,8.373602333,90.850372,3587.993652,4711.210938,5119.541016,61904.69922,110569.0313
456,13.469931,52.514072,50.07373681,36.17921559,16867.80469,138407.3438,378290,35797.67969,222598.5938,631834.5625
457,13.483079,52.644169,14.97984567,14.20717391,2405.391846,25239.01758,67040.40625,7857.290039,84833.71875,271761.1563
458,13.526796,51.462734,11.86716451,13.18163059,2294.375977,6196.782715,9569.736328,17027.51367,63340.88672,114025.3906
459,13.529504,52.485296,21.53877941,20.47301013,14040.62012,97054.92188,292657.8438,33391.48828,177470.7813,516085.4063
460,13.582269,52.677651,28.90608313,21.58489423,4811.056152,18786.57031,33579.92969,26077.10742,130594.7422,268471.3438
461,13.64705,52.447697,13.15226992,13.98322471,3030.452148,18333.83008,83194.17188,7660.678711,46353.10156,287390.8438
462,13.675005,51.119514,12.87834211,13.0610625,1256.110596,18866.81641,68671.52344,10237.80371,141871.1719,314380.5938
463,13.730205,51.036105,20.03538526,18.38081435,11521.09668,84691.46875,204017.0625,36405.53906,235708.9844,557023.4375
464,13.731608,51.026294,51.58363839,28.39764592,9130.411133,67894.85156,180524.3125,27353.64453,202529.1094,527129.9375
465,13.741397,51.06493,35.04708241,24.96938953,11001.90918,88541.90625,206313.3125,24698.04102,200310.0625,511519.25
466,13.75145,50.731478,7.201668059,7.074546332,120.288773,818.275269,3568.312256,4179.510254,18830.62109,70101.00781
467,13.822211,52.832467,28.04087125,18.14023786,3330.250977,14542.25,22924.51367,24608.28906,86472.04688,130377.7031
468,13.84825,52.481882,22.57096472,16.89637019,809.265015,4705.547363,10929.21094,9075.912109,37827.77344,115425.9531
469,14.015252,52.563835,9.034953116,10.10318422,117.365601,671.426392,3050.345703,1294.38623,16344.09375,64930.80469
470,14.057064,51.897598,6.37156172,6.48414445,0,2.236334,1509.93396,0,528.153992,32240.15234
471,14.257407,53.520456,6.524783701,7.101092896,76.204575,424.88858,1323.876953,4155.37793,16159.48535,49179.71484
472,14.285139,53.064262,9.499509777,8.118902791,2975.166748,10239.6084,18094.55859,25814.91797,75736.24219,115160.7969
473,14.327998,51.756593,37.32835083,22.81753749,8801.382812,43177.30859,68985.28125,36849.19141,170673.8906,322200.25
474,14.33447,51.746848,14.02551183,14.33201636,7483.016602,41033.72656,69355.46875,27094.77539,177371.9375,315167.1563
475,14.3764,51.5645,10.40396466,9.259825919,2443.815186,8508.478516,13233.43066,24119.83203,87208.64063,125638.1172
476,14.443771,51.175669,15.68996657,14.2002666,5706.721191,23145.01172,30834.47852,28233.04102,118493.7266,191594.4844
477,14.52596,52.33468,12.17642956,14.42949783,4768.505371,27027.16406,45057.9375,27406.00391,159037.1094,254149.4844
478,14.538595,52.337336,40.55810088,27.07344712,5849.279785,30621.39258,45168.35547,32131.08984,165610.5781,256128.2344
479,14.638166,52.146264,10.0182076,9.613708514,3346.761475,17645.52148,22913.61914,22871.81836,104548.7891,138816.6719
480,14.749731,51.285356,8.343353881,9.194259715,349.389618,1304.717773,3674.489502,7693.701172,35597.76953,85402.74219
481,14.822846,50.892377,13.54269295,13.04343674,3215.750977,17896.92188,27846.87109,19624.63672,104287.6719,189150.7188
482,14.973958,51.155801,27.56128405,18.5447107,7664.15625,38546.43359,62141.46094,24448.04102,156372.625,283941.9063
